salary,first_name,last_name
91816,Murray,Besnard
84828,Lennard,Smithend
32415,Gustaf,O'Hanley
74396,Brietta,Takis
76303,Herta,MacKain
70736,Nettie,Pollastrone
123551,Lanny,Crame
64722,Cassondra,Labrone
31371,Bill,Wison
120459,Harvey,Serridge
110132,Cynthie,Cayford
73617,Valaree,Steffens
80627,Kenny,Brachell
85794,Oralia,Cottis
110334,Granger,Craw
104387,Karlis,Patzelt
40006,Dallis,Leppington
146957,Mignon,Flight
63764,Emelita,Meaders
113619,Darwin,Savine
56198,Cy,McAlpin
122163,Dorris,Piscotti
30863,Aristotle,Todman
37031,Norry,Matteucci
146828,Domingo,Bahia
134281,Etta,Farncombe
134059,Ede,Eykelhof
143815,Nona,Hinemoor
140072,Natal,Alcorn
20318,Bamby,Wolfindale
121668,Nevil,Patriche
23674,Ingeberg,Yanshonok
65873,Ingram,Boodell
147912,Anatola,Neiland
147841,Valida,Pentercost
107619,Baudoin,Ramet
26687,Geri,Duckerin
128554,Sanders,Merrall
52522,Esther,Gowman
88516,Colby,Brownbill
141649,Elvin,Joye
142350,Jojo,Klasing
104330,Sindee,Wailes
73419,Sharia,Lamberth
116991,Jobey,Esposito
91265,Beck,Gimblet
88753,Egon,Chapelhow
46959,Brana,Dales
20864,Martina,Orrobin
72060,Morganica,Ughini
33500,Aloysius,Haffenden
67448,Sonja,Gosnall
47297,Dewey,Jochen
102645,Dominik,Nials
25139,Bail,Hurnell
127010,Clare,Belchamber
23349,Corie,Curwen
32515,Sile,Ramelet
65831,Junina,Durrad
70288,Rosamund,Balharry
75943,Fitzgerald,Petrovsky
139834,Sylvester,Hanner
79517,Eugenia,Birdwhistle
71983,Nissy,Wisden
142541,Berty,Webland
49690,Tomas,Picot
85226,Lissy,Kremer
27390,Jesse,Pendred
146965,Minda,Bellon
118709,Laurianne,Alexsandrev
35004,Guthrey,Gotfrey
129424,Patricia,Tetley
71894,Hurlee,Tripney
119084,Fairleigh,Minthorpe
123543,Ritchie,Kopke
139537,Goldia,Ambrogio
21482,Nye,Leas
22068,Marlo,Morley
92583,Olivette,Zebedee
139641,Enrica,Matthew
97701,Claudie,McVeighty
74482,Iggy,Redferne
47993,Seana,Duchatel
72436,Halley,Bathersby
119259,Brina,Stuttman
20991,Florentia,Vereker
73594,Philis,Marris
32580,Olimpia,Jorck
40481,Skipper,Nuccitelli
82670,Talia,Tregona
115152,Diann,Crandon
148403,Clarabelle,Dennison
144246,Lynnelle,Weitzel
94904,Felicio,Guyan
88851,Abbye,Dowry
20398,Edyth,Collman
46007,Isa,Mangin
36618,Tiphani,Courtonne
114338,Menard,Whitwood
23722,Hyacinthia,Hymers
106659,Muriel,Scamadine
44484,Hilly,Mealiffe
131734,Spence,Falkner
145555,Camila,Templar
140071,Wallace,Nassau
134236,Nerta,Lillecrop
53853,Margette,Parrot
52686,Aeriela,Guislin
97901,Byran,McAree
101969,Emilie,Baiden
127298,Andie,Tripe
63946,Natale,Fourman
33770,Karen,Ridewood
109544,Dermot,Cluney
30981,Sibella,Van der Brugge
131227,Haskell,Terney
145482,Freda,Plom
82883,Doria,Van de Vlies
107593,Alejandro,MacArte
148452,Herbert,Bettinson
135626,Emelen,Gresly
81742,Leann,Addekin
41662,Sterne,Cremins
38116,Lesya,Crusham
66587,Ignaz,How
129876,Tansy,Burl
63721,Kelby,Kelbie
147674,Mortie,Spreag
131788,Ted,Pietzner
124393,Farlay,Rayer
139568,Alia,Mc Meekin
28054,Bastien,Rawls
47050,Bran,Yes
38451,Caleb,Storck
97801,Neala,Petrichat
136195,Bea,Withams
46854,Etienne,O'Doghesty
75065,Grazia,Villar
146266,Jenine,Pimblett
42775,Alyssa,Deverick
63859,Massimo,Seymark
72953,Montgomery,Klimsch
103138,Maddy,Arnet
59506,Ellen,Bumfrey
75907,Nancee,Marsie
132591,Helen-elizabeth,Philipsson
83868,Lelah,Iannazzi
54905,Shepard,Abramzon
45970,Johnath,Wolstenholme
134138,Jsandye,Hudson
30808,Lyndsey,Haresign
125524,Phelia,Barbary
45398,Yardley,Goodrich
42318,Dunstan,Langfield
37849,Wainwright,Laurand
42043,Graeme,Work
31834,Lishe,Furnival
31017,Maegan,De Blase
46760,Calley,Atling
115008,Sibeal,Muzzullo
133453,Ivie,Calken
69751,Jan,Gansbuhler
50161,Marylou,Martinets
134992,Kilian,Murrigans
33464,Ines,Baigent
143661,Moira,Jovanovic
96636,Ulick,O'Lennane
83136,Duffy,Gherardelli
71230,Cordy,MacNish
31497,Tiffany,Cappineer
56777,Millicent,Boost
131633,Lindsey,Fairbourne
96330,Will,Akrigg
67533,Nanice,Maund
44076,Holly,Cluer
136617,Misha,Barratt
119456,Davine,Wroath
22693,Mamie,Drage
90503,Sterne,Prime
63608,Shannah,Cowx
33978,Wakefield,Flatt
138606,Cherise,De Goey
34031,Sherwin,Lawling
72909,Prescott,Frarey
119684,Phylis,Hamelyn
141887,Syd,Tidbold
42740,Cchaddie,Duke
67740,Clementina,Fonte
67289,Bradford,Paddison
27113,Mario,Joynson
77436,Maggi,Portam
132462,Heinrik,Keller
94695,Francis,Scrivenor
35129,Cassandre,Billinge
83202,Karlie,Pirrey
129441,Veriee,Gooke
104192,Gabriellia,Marthen
63574,Athena,Oleszcuk
82585,Georgina,Mordue
136716,Ferdinande,Craigie
60060,Godard,Fillimore
115768,Burr,Marciek
121813,Yvette,Lancley
85257,Foster,Schuck
142341,Thorpe,Pearcehouse
90115,Elmo,Domokos
138965,Leoline,Swadden
146477,Damara,Simkovitz
57137,Adaline,Hrishchenko
67406,Jonah,Morewood
65952,Edsel,Jiru
24688,Rubetta,Boniface
49017,Tanya,Alebrooke
131773,Pauly,Markham
136832,Mariel,Buckthorpe
73107,Millard,Pitrasso
111616,Ash,Krishtopaittis
71762,Clair,Brandassi
131253,Theodosia,Chatband
61467,Danella,Lovelock
38315,Phyllys,Barta
33149,Alvin,Piller
20374,Hakeem,Benesevich
67081,Dick,Kirkhouse
44714,Kitty,Dansie
126378,Elia,Gierardi
141658,Boone,Hassall
116416,Ella,Napper
120157,Anastassia,Frobisher
141383,Livvyy,Stook
52979,Danila,Cubin
138378,Ross,Plews
139727,Bear,Moffat
22864,Nichols,Appleyard
51555,Nelia,Faldoe
85121,Jobina,Poleykett
35164,Clerkclaude,Janssens
39042,Trevar,Creak
35889,Steffi,Plascott
144316,Elena,Mohan
45811,Alvira,Pendleton
54266,Ailbert,Airth
54792,Sally,Thursby
144189,Bryn,Papez
137220,Sayer,Swindley
91065,Monro,Umpleby
138102,Rosalyn,Sangster
55825,Gail,Scorey
149654,Boote,Dillamore
57646,Tyne,Naptine
140461,Shell,Pott
89919,Janie,Coughan
123452,Josephine,Stilgo
63503,Taite,Voff
118743,Milka,Mortimer
73699,Korry,Rosas
57532,Veradis,O'Hederscoll
34506,Mirelle,Eim
85968,Horace,Brigstock
69617,Gerek,Pock
145024,Ibbie,MacConnel
118151,Celie,Belshaw
72299,Norry,Daniel
127754,Ursulina,Norvill
135233,Nevile,Crookshank
109060,Barbey,Adshead
79038,Normie,Knoller
108126,Thea,Cunniffe
44595,Olin,Cooney
40625,Alden,Younghusband
31682,Rikki,Urquhart
128962,Hetty,Atling
25230,Codee,Conrath
55806,Thalia,Ciric
106983,Helenelizabeth,Palfreman
123555,Mac,Grabbam
55264,Ogdan,Alster
110539,Adiana,Zannotelli
98748,Isadore,Dadswell
74192,Levi,Alberti
52171,Carly,Burde
116661,Herman,Shmyr
37091,Judon,Getten
145073,Heddi,Hearle
99771,Stafani,MacGraith
120204,Elisabeth,Radley
29402,Cindra,Cruikshanks
84458,Tobias,Munnery
92971,Sara,Dawdry
134729,Joella,Longcaster
59732,Cathy,Dimbylow
42563,Jojo,Brickstock
123816,Lorne,Ackrill
132380,Georgianne,Papachristophorou
81435,Rhiamon,Aust
137944,Cristy,Brignell
117385,Tandi,Ratnage
92497,Letitia,Sandham
113456,Kailey,Privost
95284,Terra,Tomich
80958,Ardath,Pountney
54780,Franky,Edridge
110545,Edd,Danelet
141337,Ricky,Shrubb
39014,Hank,Drioli
89042,Zonda,Cozins
141329,Martha,D'Alesco
76809,Rora,Aggiss
102364,Ronna,Scone
78529,Egor,Stenton
97031,Merci,Ibel
38753,Darelle,Hendin
128075,Seth,Cottage
101075,Kirsteni,Bendall
70266,Kirsti,Costa
31067,Leonora,MacNally
125938,Hank,Gilley
126822,Justina,Nolan
148301,Hunfredo,Hawkswood
71622,Brear,Bassom
59779,Prince,Lineker
104548,Clare,Emblin
125583,Francisca,Walstow
129883,Minda,Silver
82264,Marlyn,Matula
29974,Thomasin,Bourget
84271,Wendell,Woolley
115213,Osborn,Thickins
89615,Erwin,Benbow
43689,Jessamyn,Avis
68193,Hale,Viccars
148469,Magdalene,Dight
31816,Erna,Medgwick
32769,Glynda,Sherrock
94389,Ado,Rosi
49247,Daphne,Spendlove
119983,Berkie,Rapaport
123590,Mariejeanne,Rangell
138607,Avril,Drees
116403,Verla,Delamar
31053,Vinnie,Reightley
54253,Natal,Yeeles
91631,Sharleen,MacNelly
114598,Rodolfo,Cossell
82963,Freddie,Yakobovitz
54058,Rosalia,Verriour
132353,Adair,Falk
69408,Bertie,Warhurst
97297,Jemima,Betser
20129,Cathlene,Enterle
36028,Novelia,Steeples
110256,Paulo,Rebanks
55068,Aloin,Ife
122509,Hieronymus,Sycamore
84689,Blythe,Drydale
105247,Kathi,Howitt
116357,Rhianna,Tuxwell
37416,Araldo,Troubridge
145550,Kynthia,Winckworth
74621,Joya,Panter
113832,Marrilee,Breeton
72775,Celinka,Aldhouse
70345,Zack,Nissle
130810,Phedra,Bowdrey
31053,Klara,Kurt
46485,Tresa,Jahnke
97275,Nathan,Stanyon
24895,Diann,Skamell
26757,Barbra,Walkden
125793,Wally,Kent
61450,Lonnard,Burden
148798,Weber,Stocks
114892,Irita,Pottery
126780,Catherine,Pruvost
77468,Beverly,Eidler
64034,Phoebe,Sherrard
73735,Deedee,Brearley
134410,Fiann,Ungerecht
90146,Rodie,Schapiro
83320,Marge,Athow
111957,Lyndsey,Goodliff
140585,Hobart,Cumpsty
53469,Luise,Potteridge
28169,Mar,Simmank
101915,Waly,Humble
85292,Shelby,Readitt
142713,Nikolos,Weins
118416,Pollyanna,Andreazzi
56343,Nonnah,Mincher
90922,Zandra,Fawdrie
25897,Hallie,Schlagman
66707,Lettie,Newbold
49907,Heywood,Slixby
65489,Vidovik,Tupling
95537,Vance,Vannet
38153,Elga,Petrus
59800,Ely,Brounsell
62033,Gaye,Randle
82873,Kingston,Portman
104759,Bondy,Mugg
120974,Percy,Reddin
112767,Devi,England
82730,Netti,Sloss
31389,Erik,Smissen
47643,Lorenza,Goundsy
50475,Beatriz,De Blase
112360,Thadeus,Dobinson
43033,Sukey,Grannell
32465,Adeline,Iddon
76506,Fae,Croson
102232,Lancelot,Sudy
48886,Aindrea,Setterington
110248,Haily,Prosch
45744,Karmen,Spurge
60343,Ilaire,Majury
127483,Wainwright,Gladwell
78758,Broderic,Di Boldi
64328,Rod,Brito
81144,Rikki,Jolliffe
130220,Ronalda,Berry
39347,Cornell,Feechum
131106,Dorene,Renouf
123818,Welbie,Greest
83121,Farah,Syde
77435,Coralie,Jagiello
143716,Humfried,Brislan
105747,Burty,Nisen
114078,Helene,Schistl
132926,Roman,Antoniak
93424,Emeline,Maskall
23518,Cherilynn,Philippault
115809,Laurena,Mitten
131736,Sophie,Faiers
99882,Cristian,Gauche
134182,Sascha,Skelhorne
88293,Tremain,Lambrook
25140,Adah,Giacomelli
105603,Timothea,Thonger
28405,Buck,Pasek
75646,Carmina,Grishinov
90703,Angelo,Banes
90803,Shepherd,Carillo
94096,Ava,Varah
80172,Frank,Gerb
115155,Sharl,Jahnisch
129149,Rog,Bogace
33695,Heidi,Eltun
62463,Cassie,Plampin
78672,Marice,Brummell
29066,Ulrika,Newvell
84786,Holly,Belch
74013,Gage,MacFarlan
112018,Lucio,Dew
147469,Abby,Dunbabin
81233,Jeffrey,Sage
71872,Nataniel,Epperson
122962,Teddy,Aubray
108195,Storm,Gilderoy
100721,Cyrill,Veivers
61699,Sarge,Mattersley
147443,Tove,Rubinivitz
65709,Kristo,Genny
90517,Christalle,Feaveer
27756,Lauren,Pickrill
108360,Austina,Marcombe
119673,Carine,Underwood
43552,Helga,Stokoe
126773,Davida,Cossins
147595,Joshua,Sainer
84385,Booth,Severwright
123500,Glad,Sucre
121732,Rufe,Samarth
113551,Bertha,Twiddy
149135,Patty,Blomfield
77244,Allis,Nolli
56126,Gilly,Cheavin
58493,Bail,Casey
30167,Kandace,Paling
125382,Lenard,Gilleon
88663,Patrica,Kimmings
61983,Christoffer,Juste
62729,Dani,Lounds
136611,Base,Feehely
20317,Pansie,Claque
94172,Tomaso,Mathwen
20396,Anitra,Nodes
111796,Tiebout,Sarfass
142665,Olympie,Juniper
52042,Willabella,Olivet
52908,Aggy,Jaulme
21613,Allister,Wherry
115057,Gretta,Baggott
28740,Roshelle,Jovis
108632,Allard,Osgorby
47286,Janet,Gonthard
56003,Chrysler,Kendrick
51483,Marcela,Getley
74495,Ansel,Houseman
47498,Jaine,Stubbins
114282,Jonathon,Bergen
20089,Jilleen,Bockin
37686,Newton,Priel
59306,Martino,Lanceter
70743,Ondrea,Greaser
37702,Kendre,Heugel
132988,Gus,Surgison
64196,Marice,Chetwin
96520,Bordie,Gritten
31623,Joelynn,Sreenan
25674,Alane,Esh
37018,Pat,Crockley
146729,Emerson,Doddemeede
108684,Mychal,Creelman
139377,Courtenay,Crippell
134530,Alana,Misken
78012,Hendrika,Drage
115873,Farlie,Churly
63465,Jacklyn,Carmody
30030,Cassius,Ricioppo
122374,Kaycee,Habgood
81707,Elnore,Adacot
129864,Mirilla,Schriren
24452,Tanya,Van Vuuren
95666,Gavra,Montacute
121721,Howie,Herculeson
75225,Alix,Di Boldi
65664,Conrado,Snuggs
132288,Rollin,Itzkovwitch
134372,Lina,De Maria
45956,Ellis,Dowbiggin
137530,Kathie,Smallacombe
27925,Elaine,Gordge
79737,Dania,Kerford
114208,Clayson,Rayburn
78100,Vitia,Jenkyn
122114,Shellie,Crepin
37740,Bell,Collet
51727,Sherie,Klempke
80941,Alyse,Sprankling
30247,Vinson,Long
64762,Ebenezer,Poynor
31702,Vivian,Halwell
45015,Marika,Hallmark
63146,Berry,Giddy
60567,Valery,Genney
132035,Vally,Swinfon
90513,Ketty,Collister
67948,Sherrie,Moral
69636,Emeline,Seppey
90782,Brynne,Vanyushin
108472,Adair,Jacketts
127475,Hollie,Vicent
62812,Jessika,Newlands
33280,Sally,Hobden
147126,Omar,Buttler
94301,Crissie,Andrelli
114442,Olav,Harnes
145919,Ezmeralda,Tomas
129538,Cad,Morigan
78964,Godard,Ruberry
86086,Levi,Pughsley
122528,Barbey,Maryott
36629,Casper,Ryrie
61659,Osmund,Keaveny
148893,Burnaby,Phillips
137606,Nestor,Jeffes
43174,Terrijo,Fernier
50071,Kilian,Dunkerton
38310,Ainslie,Balsillie
147238,Lucio,Sheldrick
126651,Augustin,Roche
42314,Filip,Bettesworth
105144,Sheri,Sannes
43514,Jenica,Osgorby
71850,Ileane,Fulle
117908,Andreas,Stenbridge
49271,Jan,Gillard
135231,Janene,Coatham
110412,Sammy,Burrage
124872,Zane,Gelder
119945,Orion,Eronie
116416,Henderson,Calbaithe
72706,Dorolisa,Raithby
57382,Riley,Oxbrough
32218,Rikki,Angeau
125801,Ammamaria,Abel
131956,Aurore,Richmont
28690,Jannelle,Charpin
79550,Lilia,Henrichs
22580,Paco,Elvins
98179,Corette,Leggate
31243,Consuelo,Thomton
43401,Nickola,Alderton
93166,Melessa,McCorrie
94651,Henry,Fickling
123328,Ajay,Fedder
105490,Farris,Cappell
116582,Ronny,Barthel
22999,Rudyard,Bayldon
45013,Erie,Coonan
114239,Anni,Ottiwill
35834,Fern,Allmark
65739,Leonerd,Pedrazzi
20916,Tynan,Bareham
82867,Rik,Dalgarnocht
120608,Monty,Addionisio
118259,Carmita,Windram
85402,Leena,Stickney
111009,Levon,Mendez
61221,Denyse,Cottell
30103,Katie,Lulham
112673,Jake,Volante
75854,Cherri,Ivetts
137905,Urban,Dron
20658,Christy,Petrello
45634,Tobiah,Wiersma
104661,Gabi,Becket
40265,Stephie,Townsend
129321,Loree,Sitch
57833,Theodoric,Bome
114779,Odele,Castaner
92288,Lorrie,Goom
50824,Pyotr,Lesser
149657,Milka,Parlour
135703,Tracey,Nobbs
28393,Sly,Eingerfield
62537,Bertha,Fearnsides
120001,Angelo,Grigoriscu
100332,Brenn,Dicker
66705,Daisie,Fairholme
107999,Merill,Gonzalo
76484,Remington,Dabrowski
104389,Reamonn,Fantin
37032,Cloris,Auden
92319,Leonerd,Hess
56954,Chlo,Wigan
133214,Claude,Kumar
106278,Rees,Clac
75903,Lutero,Strangward
43456,Bordie,Kellie
21186,Winne,Rameaux
90865,Merrili,Whitely
72746,Catherina,Petty
134823,Mechelle,Deamer
81311,Karlyn,Gioani
126020,Drugi,Fallows
60788,Brose,Lawes
91581,Odelia,Baldam
56959,Lynnet,Simeon
52455,Justin,Klassmann
110987,Elden,Rotter
124959,Clark,Marjoram
60421,Piper,Vida
71420,Ashley,Masurel
126280,Cherry,De La Salle
73254,Mirella,Bowich
79560,Vida,Veronique
147796,Bamby,Domeny
101049,Daffy,Spowage
94358,Cookie,Schoroder
34868,Constantin,Glennon
22293,Bartlett,Overy
133263,Melicent,Osmund
27474,Hilliary,Monte
143509,Israel,Burnage
122986,Evvy,Burchmore
76896,Estele,Desouza
76168,Marcellina,Aldwich
149757,Sydney,McKee
28644,Rosalyn,Hemphrey
73858,Donella,Pollie
137366,Del,Brosoli
126622,Carolina,Woodyear
129591,Joelle,Domegan
138216,Damian,Ramsden
65362,Blondie,Tolliday
51503,Olly,Rennox
87272,Lora,Wethers
123275,Marybelle,Lamprecht
28542,Elaine,Nowland
125282,Tobe,Gaythor
48953,Bertram,Kightly
54597,Stirling,Grog
98876,Cornie,Mease
79938,Chicky,Harriss
110497,Davita,Reveley
60043,Amity,Dovydenas
95356,Mariejeanne,Bristowe
43305,Neddy,Dreelan
49370,Ulrica,Mattiello
145039,Stacy,Ringwood
118806,Concordia,Matiewe
58015,Teodorico,Choak
142460,Godfrey,Spinage
44030,Ameline,Mandeville
87216,Marthe,Smallcomb
120637,Cyndi,Kauscher
91491,Vivyan,Copnall
24102,Cece,Gayler
126074,Waylon,Blight
23054,Noellyn,Raspison
104111,Krisha,Bridgwood
22357,Hermy,Dungay
125737,Tuck,Andrez
28778,Manuel,Cawdron
59019,Jo-ann,Leyband
84195,Goran,Pottberry
86445,Zedekiah,Crone
52349,Alejoa,Michele
111569,Pietrek,Trippack
58915,Pammy,Conkie
37718,Marjie,Prevost
72719,Aguste,Voas
110776,Brigit,Bauldrey
103316,Davon,Zanetello
123809,Katinka,Bisco
24527,Jordon,Quene
104679,Kelsi,Mobius
107752,Alexander,Andino
114146,Sabrina,Scarasbrick
134613,Roseanne,Tackes
31419,Marilyn,Hamerton
104412,Lawry,Kelemen
146994,Madel,Stallen
30747,Bent,Balham
20164,Sioux,Pomphrett
53681,Iona,Eastcott
49014,Rhiamon,Ramelet
138891,Lynnell,Wilkowski
67012,Standford,Mulligan
106380,Donica,Dubose
67164,Tanya,Dybbe
142449,Kerrie,Rudkin
76865,Glenna,Revance
95171,Norrie,Warby
34454,Pauline,Cerith
29587,Steffi,Helian
62521,Duff,Whibley
103066,Shurlock,Blanc
139604,Aida,Goodram
51058,Dave,Kernock
54329,Trumaine,Le land
133999,Delly,Dolohunty
134311,Even,Kerwin
98072,Jereme,Linturn
118241,Bendicty,Slowly
90201,Nevsa,Palin
126228,Odelia,Dimitrescu
61550,Alfie,Valde
83456,Gottfried,Brisley
38262,Phillis,Adlington
108516,Marys,Pacey
89694,Trever,Gaskal
56181,Lida,Carney
96720,Nero,Ossipenko
120136,Spencer,Wolfindale
127170,Ilario,Leadbeatter
57052,Giselle,Denford
90809,Kala,Allwright
61578,Jacobo,Umpleby
38101,Nathalia,Atkirk
61603,Ali,Flacknell
71737,Tommie,Mabee
120980,Konstantin,Galvin
147605,Bambi,Liversage
85643,Gilberto,Advani
33163,Devina,Mollatt
57878,Bobine,Brushfield
34021,Jackqueline,Partrick
126418,Willis,Doudney
133015,Sherye,Villalta
76728,Odelia,Moizer
80591,Jens,Pettit
92043,Armando,Handover
56583,Marjory,Braunstein
121391,Elwyn,Franschini
96502,Mella,Speerman
142834,Perl,Keoghane
102053,Vitoria,Hook
82394,Vassily,Ringrose
121317,Myron,Vaneschi
147829,Arron,Waskett
113426,Myca,Ulyat
113505,Steven,MacElholm
117329,Carlene,Jacketts
52756,Merilee,Shank
47567,Wheeler,Ledbury
83384,Jordan,Nutten
108514,Terrye,Bletsor
87416,Jean,Giacubbo
21475,Silvia,Pymer
42852,Winona,Brixey
128313,Aurore,Poundford
34362,Lynette,Carrack
63347,Rosalie,Shyram
80421,Ozzie,Benthall
76696,Anne,Drever
64210,Lindi,Matchitt
123284,Jemimah,Avramov
70313,Walden,Clingan
121768,Antonie,Bramo
132775,Alida,Helsdon
92102,Celine,Hryskiewicz
74887,Ludvig,Ritchman
121309,Dukey,Coltherd
44552,Germaine,Kneel
79729,Corinne,Calcutt
86071,Rickey,Cherm
93981,Alf,Perkis
137513,Kellie,Yandell
122861,Jaynell,Drever
56073,Spencer,Every
29561,Sonny,Ridge
52395,Alfi,Endley
113783,Arther,McFayden
114316,Kale,Langcaster
58839,Richmond,Kilian
33051,Carol,Grattan
61406,Barde,Levecque
53523,Porter,Whiffen
127329,Dewie,Briscow
84708,Cooper,Dachey
56501,Koressa,Dytham
147687,Merwyn,Monard
48210,Bartolemo,Paull
106953,Branden,Aslie
78741,Axe,Causbey
113363,Pammy,Wenden
53913,Rodi,Pitkeathly
94463,Fabiano,Oxnam
133932,Skip,Newbury
28868,Sabrina,Lines
22800,Angelina,Shuker
28960,Fleur,Devaney
105433,Elsbeth,McGrah
57098,Tamra,Kirkhouse
99228,Dina,Collelton
100737,Marcus,Cashley
20567,Wilone,Illem
31410,Tybi,Fulbrook
121111,Constantino,Maciejewski
85848,Rhys,Hrinishin
141227,Abby,Orbell
147336,Adolpho,Dorsett
23200,Parry,Smeath
52247,Joela,Corbally
136124,Joyous,Bolderson
107513,Clayton,Harcase
31846,Tuesday,Byre
145101,Ossie,Lindner
113233,Darelle,Aldgate
149291,Daveen,Paice
44325,Giovanna,Kruschov
123297,Amelita,Maddocks
27462,Alexio,Titchmarsh
74848,Selma,MacDunleavy
128086,Channa,Van Arsdale
96759,Hillier,Blucher
89715,Arni,Gallelli
86117,Aloysius,Klimuk
97171,Jock,Birdwhistle
38822,Lannie,Langton
68018,Alexa,Chewter
44524,Jilli,Kertess
105447,Gherardo,Lemm
127524,Bree,Padell
20206,Casar,O' Mullane
129601,Gasper,Birkhead
46706,Silvano,Bachs
123518,Wilhelmine,Boydell
112351,Merline,Bendin
62680,Yank,Kaaskooper
98091,Joyann,Bending
29358,Peirce,Horwell
87689,Donnajean,Fancutt
30984,Hugibert,Withnall
22206,Tamarah,Ikin
87870,Milo,Mithon
37902,Letty,Kersey
105333,Roselia,Huxtable
47055,Amargo,Poles
63213,Belita,Dearl
64958,Corabelle,Nasey
55784,Moll,Skoggins
50759,Timotheus,Blinde
32353,Buddie,Kordas
48207,Mohammed,Ducker
123357,Paton,Caddy
114793,Marley,Rooms
29301,Yard,Dundridge
49588,Simona,MacFadden
69099,Marya,Gawthrop
105183,Nataniel,Germain
92657,Dorelle,Fills
56805,Noelle,Yellowlee
102452,Quentin,Gubbins
69298,Wilma,Gages
139394,Gretta,Meletti
94042,Mareah,Youdell
122511,Cara,Addyman
77563,Sonnie,Lusk
81388,Kerstin,Dunlop
27782,Alvis,McErlaine
123085,Dyana,Baythorp
101779,Blondy,Ungerecht
46834,Tanitansy,Treversh
20296,Kirsten,Ivanchov
82889,Shirlee,Harry
108568,Gerhard,Eddleston
109370,Kenny,Evison
81813,Ned,Wilshire
83678,Zea,Atterley
123626,Lorrie,Bolingbroke
46688,Hubie,Ferrulli
31620,Friedrick,Leadbeater
102146,Lorianne,Waitland
91795,Sashenka,Philbrick
141317,Ty,Riepel
79091,Bernice,von Nassau
110842,Olivie,Marlin
91555,Luca,Rolfini
28738,Benedicta,Benza
105765,Westbrook,Karpeev
25655,Zeb,Hise
112832,Cassandre,Brigman
111427,Bendicty,Jirasek
32546,Basia,Dionisio
121760,Michaeline,Posselwhite
135504,Kiri,Chinnock
47798,Phelia,Wellan
30739,Chaunce,Titherington
21557,Terrance,Bicheno
80575,Maridel,Reynoldson
26533,Andros,Fursey
117235,Joe,Treadwell
136794,Prescott,Skilbeck
56814,Marylee,Puddefoot
64066,Yalonda,MacChaell
66491,Hobie,Ellings
47842,Buck,Giamo
92221,Faustina,Rogans
126329,Adolpho,Burwin
31430,Vinnie,Baggott
106292,Violet,Thoumasson
84847,Hervey,Belson
47515,Nessi,Kacheller
65707,Ingamar,Andersen
24601,Bennie,O'Flaherty
131611,Ivett,Flintiff
141448,Ynes,Betteney
114412,Ivie,Colt
67652,Lanni,Gilliam
66553,Jennine,Antusch
111119,Odessa,Woloschin
50403,Hatti,Kohneke
115322,Lane,Redhead
147649,Halette,Haggerstone
73888,Gavin,Dunthorn
55577,Atalanta,Ormes
26161,Caressa,Stell
29925,Putnem,Patmore
64460,Melba,Coite
73024,Judah,Ritchie
46534,Lilly,Bartles
45880,Jacqui,Twells
32312,Hermy,Derry
38038,Samson,De Gregorio
124866,Kitty,Oosthout de Vree
43606,Royall,Collihole
24596,Kiley,Dat
73370,Reamonn,Degenhardt
31078,Leighton,Carles
39862,Humfrey,Sharkey
132976,Nehemiah,Alpes
93220,Ernestus,Fealty
84382,Hedi,Doorly
116638,Leslie,Bercevelo
82681,Spence,Cuddehy
99844,Fons,Tixall
124615,Lu,McKerton
53841,Eve,Caccavella
87720,Haslett,Collens
84398,Eimile,Snedker
84388,Halsy,Kach
33724,Joane,Silvester
129026,Mauricio,Ainscough
69974,Erinn,Twitty
96370,Drusilla,Ivanenko
89029,Priscilla,Sandercock
121175,Baxter,Shawdforth
60598,Roddy,Giffaut
146582,Devlin,Hearse
116149,Virgina,Paulou
138034,Danette,Grestye
45400,Guinevere,Keuneke
131327,Noland,MacShirrie
123513,Trefor,Penkman
99720,Dana,Rodolico
93954,Jerome,Colliford
100563,Brynna,Bradburne
